{
	"class_name" : "PinholeCameraParameters",
	"extrinsic" : 
	[
		1.0,
		-0.0,
		-0.0,
		0.0,
		0.0,
		-1.0,
		-0.0,
		0.0,
		0.0,
		-0.0,
		-1.0,
		0.0,
		-13.004107851289664,
		0.49970499915796046,
		-1.8876373496531678,
		1.0
	],
	"intrinsic" : 
	{
		"height" : 1163,
		"intrinsic_matrix" : 
		[
			1007.1875446013022,
			0.0,
			0.0,
			0.0,
			1007.1875446013022,
			0.0,
			959.5,
			581.0,
			1.0
		],
		"width" : 1920
	},
	"version_major" : 1,
	"version_minor" : 0
}